{"assets/images/background.png":["assets/images/background.png"],"assets/images/character.png":["assets/images/character.png"],"assets/images/email.png":["assets/images/email.png"],"assets/images/fish.jpeg":["assets/images/fish.jpeg"],"assets/images/fish.png":["assets/images/fish.png"],"assets/images/fish_fast.png":["assets/images/fish_fast.png"],"assets/images/lava.jpeg":["assets/images/lava.jpeg"],"assets/tiles/background.tsx":["assets/tiles/background.tsx"],"assets/tiles/map.tmx":["assets/tiles/map.tmx"],"assets/tiles/objects.tsx":["assets/tiles/objects.tsx"],"packages/cupertino_icons/assets/CupertinoIcons.ttf":["packages/cupertino_icons/assets/CupertinoIcons.ttf"]}